Block size,Time(s.)
1,220.237765
6,31.784487
10,15.553195
15,11.774841
20,10.421080
24,10.054923
30,10.288736
36,10.360129
40,10.970894
60,10.033083
72,9.968505
80,9.651542
96,10.087307
120,9.602930
144,9.875952
160,10.456777
180,9.696340
240,10.430932
360,10.809540
480,15.575234
720,18.997365
