Block size,Time(s.)
1,470.453455
6,86.542801
10,37.365136
15,28.037490
20,29.778267
24,29.352572
30,25.913982
36,30.505971
40,31.686442
60,32.728286
72,24.198308
80,25.968288
96,23.497317
120,23.380989
144,23.484343
160,24.315722
180,24.126504
240,24.550163
360,27.101427
480,31.252870
720,30.216026
