Block size,Time(s.)
1,358.434445
6,50.920288
10,27.016296
15,22.326997
20,21.361441
24,20.980039
30,20.568684
36,21.014024
40,22.251745
60,20.796944
72,20.586789
80,20.418988
96,20.470731
120,20.593077
144,20.675098
160,20.729015
180,21.198836
240,21.361793
360,22.005101
480,22.846377
720,29.055027
