Block size,Time(s.)
1,269.626489
6,63.186266
10,16.661949
15,15.267668
20,12.963371
24,11.932682
30,11.769625
36,11.494864
40,12.564088
60,12.037364
72,10.215672
80,11.891806
96,14.851778
120,9.622141
144,9.610861
160,10.332077
180,9.536806
240,9.653589
360,10.278314
480,12.792948
720,12.813802
