Block size,Time(s.)
1,454.886234
6,87.303302
10,37.052922
15,31.069528
20,27.978844
24,25.927534
30,25.610138
36,24.344181
40,24.096248
60,23.277944
72,22.955650
80,27.461245
96,26.864620
120,24.242947
144,33.697878
160,24.113739
180,23.641593
240,31.621655
360,33.605205
480,35.121998
720,37.267715
