Block size,Time(s.)
1,332.127656
6,54.480146
10,27.633593
15,23.183842
20,21.542520
24,21.555283
30,20.653180
36,21.120072
40,21.122734
60,21.044010
72,21.256377
80,20.905887
96,21.899671
120,21.604889
144,22.180333
160,20.888364
180,21.026899
240,21.394883
360,22.153216
480,22.884443
720,24.657604
